ABO,8985868602,ODP-ABO-FBL/077,-3.783322464,128.0994709,8,0,0,0,8,BLACKSYSTEM
ABO,8811196002,ODP-ABO-FBL/075,-3.768396074,128.1196562,0,8,0,0,8,RED
ABO,8894518552,ODP-ABO-FBL/076,-3.742457706,128.1330075,4,2,2,0,8,GREEN
ABO,767293722,ODP-ABO-FAF/33,-3.729502,128.141915,1,7,0,0,8,RED
ABO,8896918531,ODP-ABO-FAP/083,-3.706721965,128.1558697,8,0,0,0,8,BLACKSYSTEM
ABO,6520919383,ODP-ABO-FBK/063,-3.705203243,128.1618971,8,0,0,0,8,BLACKSYSTEM
ABO,8946718581,ODP-ABO-FBK/103,-3.70508608,128.164566,2,6,0,0,8,YELLOW
ABO,8943644631,ODP-ABO-FBG/064,-3.704765631,128.1666896,8,0,0,0,8,BLACKSYSTEM
ABO,7031668628,ODP-ABO-FBK/069,-3.707345548,128.1677449,4,4,0,0,8,YELLOW
ABO,8897519076,ODP-ABO-FAQ/128,-3.709948067,128.1729134,8,0,0,0,8,BLACKSYSTEM
ABO,8911918528,ODP-ABO-FAQ/129,-3.707562469,128.1729334,8,0,0,0,8,BLACKSYSTEM
ABO,3183794297,ODP-ABO-FAA/028,-3.699075406,128.1743213,2,1,0,0,3,GREEN
ABO,8896918984,ODP-ABO-FBG/063,-3.708089612,128.1752523,0,5,3,0,8,YELLOW
ABO,8904419638,ODP-ABO-FAB/123,-3.702034455,128.1777487,5,2,1,0,8,GREEN
ABO,8952794727,ODP-ABO-FAG/089,-3.693931146,128.1796322,8,0,0,0,8,BLACKSYSTEM
ABO,5687521984,ODP-ABO-FAB/117,-3.703042454,128.1799925,7,1,0,0,8,GREEN
ABO,8997718535,ODP-ABO-FBF/061,-3.690070023,128.1906641,8,0,0,0,8,BLACKSYSTEM
ABO,3751469180,ODP-ABO-FAC/063,-3.693823491,128.1912717,8,0,0,0,8,BLACKSYSTEM
ABO,8886418692,ODP-ABO-FAR/132,-3.683018976,128.1917556,0,8,0,0,8,RED
ABO,8886418701,ODP-ABO-FAR/130,-3.679761322,128.1920865,5,1,2,0,8,GREEN
ABO,8886418686,ODP-ABO-FAR/131,-3.680735156,128.192288,0,7,1,0,8,RED
ABO,8886418689,ODP-ABO-FAR/129,-3.679913834,128.1932323,2,6,0,0,8,YELLOW
ABO,8886418695,ODP-ABO-FAR/128,-3.68076207,128.1938234,0,8,0,0,8,RED
ABO,8870219095,ODP-ABO-FAX/076,-3.687057121,128.1941455,8,0,0,0,8,BLACKSYSTEM
ABO,2266770858,ODP-ABO-FAR/77,-3.678859167,128.1942047,8,0,0,0,8,BLACKSYSTEM
ABO,8704469537,ODP-ABO-FAX/075,-3.690949293,128.1942389,9,7,0,0,16,YELLOW
ABO,8894068926,ODP-ABO-FBF/059,-3.694103393,128.194395,6,2,0,0,8,GREEN
ABO,8886418698,ODP-ABO-FAR/127,-3.680119366,128.1944943,0,6,2,0,8,YELLOW
ABO,8886418683,ODP-ABO-FAR/126,-3.679541166,128.1947031,0,7,1,0,8,RED
ABO,8923095597,ODP-ABO-FBM/019,-3.682654383,128.1979353,4,4,0,0,8,YELLOW
ABO,8923095612,ODP-ABO-FBM/015,-3.676400849,128.1982778,5,0,3,0,8,BLACKSYSTEM
ABO,8923095592,ODP-ABO-FBM/018,-3.684328871,128.1982892,5,1,2,0,8,GREEN
ABO,8923095622,ODP-ABO-FBM/020,-3.681797984,128.1982938,1,5,2,0,8,YELLOW
ABO,8923095551,ODP-ABO-FBM/014,-3.675767025,128.1986183,2,3,3,0,8,GREEN
ABO,8923095566,ODP-ABO-FBM/016,-3.68055573,128.1989748,7,0,1,0,8,BLACKSYSTEM
ABO,8923095602,ODP-ABO-FBM/021,-3.681368708,128.1990561,8,0,0,0,8,BLACKSYSTEM
ABO,8923095607,ODP-ABO-FBM/027,-3.681799509,128.1991099,4,2,2,0,8,GREEN
ABO,8923095556,ODP-ABO-FBM/017,-3.685466517,128.1992695,4,3,1,0,8,GREEN
ABO,8923095582,ODP-ABO-FBM/025,-3.684478333,128.1995033,1,7,0,0,8,RED
ABO,8923095577,ODP-ABO-FBM/024,-3.685046034,128.1995409,2,5,1,0,8,YELLOW
ABO,8923095587,ODP-ABO-FBM/026,-3.683182253,128.1997822,8,0,0,0,8,BLACKSYSTEM
ABO,8923095627,ODP-ABO-FBM/013,-3.675466754,128.2002105,6,1,1,0,8,GREEN
ABO,8923095617,ODP-ABO-FBM/028,-3.681506328,128.2004572,4,3,1,0,8,GREEN
ABO,8923095572,ODP-ABO-FBM/023,-3.686613941,128.2008841,3,2,3,0,8,GREEN
ABO,8923095561,ODP-ABO-FBM/022,-3.687588578,128.2010255,7,1,0,0,8,GREEN
ABO,8920918608,ODP-ABO-FAV/067,-3.69493933,128.2049603,5,3,0,0,8,GREEN
ABO,8895196030,ODP-ABO-FAM/152,-3.690174807,128.2089815,2,6,0,0,8,YELLOW
ABO,8946718553,ODP-ABO-FAM/155,-3.684339906,128.2126866,3,3,2,0,8,GREEN
ABO,8946718541,ODP-ABO-FAM/153,-3.685401117,128.2132988,1,3,4,0,8,GREEN
ABO,8946718546,ODP-ABO-FAM/154,-3.684810628,128.2135723,6,2,0,0,8,GREEN
ABO,8893993962,ODP-ABO-FBN/051,-3.680408331,128.2168982,6,0,2,0,8,BLACKSYSTEM
ABO,8860919716,ODP-ABO-FBN/049,-3.677829531,128.2182435,6,2,0,0,8,GREEN
ABO,8920918603,ODP-ABO-FBN/052,-3.68311757,128.2193368,5,3,0,0,8,GREEN
ABO,8920918598,ODP-ABO-FBN/053,-3.683963651,128.2196461,1,4,3,0,8,YELLOW
ABO,8880418574,ODP-ABO-FBN/050,-3.688827507,128.221016,4,1,3,0,8,GREEN
ABO,8920918593,ODP-ABO-FBN/054,-3.677150761,128.2229949,0,8,0,0,8,RED
ABO,8943643745,ODP-ABO-FBH/049,-3.740346854,128.2273476,8,0,0,0,8,BLACKSYSTEM
ABO,3810193640,ODP-ABO-FAC/044,,,7,1,0,0,8,GREEN
PAO,8704619584,ODP-PAO-FBC/050,-3.780869176,127.9842548,6,2,0,0,8,GREEN
PAO,8705298422,ODP-PAO-FBC/049,-3.778075896,128.0009312,8,0,0,0,8,BLACKSYSTEM
PIR,8870369161,ODP-PIR-FAA/031,-3.076828879,128.0245078,8,0,0,0,8,BLACKSYSTEM
PIR,8870369171,ODP-PIR-FAA/032,-3.080223169,128.0247806,8,0,0,0,8,BLACKSYSTEM
PIR,8870369166,ODP-PIR-FAA/030,-3.08220275,128.0249272,1,0,7,0,8,BLACKSYSTEM
PIR,8870369156,ODP-PIR-FAA/033,-3.080368203,128.0281517,7,1,0,0,8,GREEN
PIR,8945220248,ODP-PIR-FAB/020,-3.023261096,128.0723807,6,0,2,0,8,BLACKSYSTEM
PIR,8945220278,ODP-PIR-FAB/021,-3.023016613,128.0727743,7,0,1,0,8,BLACKSYSTEM
PIR,8945220268,ODP-PIR-FAB/022,-3.022845008,128.0733766,8,0,0,0,8,BLACKSYSTEM
PIR,8945220273,ODP-PIR-FAB/023,-3.022972006,128.0740211,7,0,1,0,8,BLACKSYSTEM
PIR,8945220263,ODP-PIR-FAB/024,-3.022991213,128.0743932,8,0,0,0,8,BLACKSYSTEM
PIR,8945220253,ODP-PIR-FAB/025,-3.022997855,128.0751322,8,0,0,0,8,BLACKSYSTEM
PIR,8945220258,ODP-PIR-FAB/026,-3.022699162,128.0754304,7,0,1,0,8,BLACKSYSTEM
PAO,1970293938,ODP-PAO-FAL/02,-3.58874392,128.0804933,3,5,0,0,8,YELLOW
PAO,1729322955,ODP-PAO-F01/01,-3.707156526,128.0855271,3,5,0,0,8,YELLOW
PAO,3926519674,ODP-PAO-FAM/129,-3.715865932,128.0879168,8,0,0,0,8,BLACKSYSTEM
PAO,8920394359,ODP-PAO-FAM/146,-3.709213244,128.0980021,7,0,1,0,8,BLACKSYSTEM
PAO,3611896433,ODP-PAO-FAM/125,-3.702316866,128.100545,2,6,0,0,8,YELLOW
PAO,8756294092,ODP-PAO-FBF/037,-3.687128084,128.1151176,8,0,0,0,8,BLACKSYSTEM
PIR,7973668606,ODP-PIR-FAB/010,-3.006579889,128.1199673,7,1,0,0,8,GREEN
PAO,8920773036,ODP-PAO-FBE/048,-3.649718901,128.1885247,8,0,0,0,8,BLACKSYSTEM
PAO,8802268989,ODP-PAO-FBE/045,-3.659552518,128.1885864,8,0,0,0,8,BLACKSYSTEM
PAO,8920773031,ODP-PAO-FBE/047,-3.660075014,128.1898869,8,0,0,0,8,BLACKSYSTEM
PAO,8920773041,ODP-PAO-FBE/049,-3.647096173,128.1932493,6,0,2,0,8,BLACKSYSTEM
PAO,8782544906,ODP-PAO-FBE/044,-3.63948921,128.1975682,7,1,0,0,8,GREEN
PAO,8797544085,ODP-PAO-FBE/046,-3.655251519,128.1977782,3,5,0,0,8,YELLOW
PAO,8782544900,ODP-PAO-FBE/043,-3.638581737,128.198692,6,2,0,0,8,GREEN
PAO,8782544897,ODP-PAO-FBE/039,-3.6356239,128.1999217,7,1,0,0,8,GREEN
PAO,8782544912,ODP-PAO-FBE/040,-3.635407326,128.2003034,7,1,0,0,8,GREEN
PIR,8754493678,ODP-PIR-FAP/094,-3.070297767,128.2006122,1,7,0,0,8,RED
PAO,8782544903,ODP-PAO-FBE/041,-3.635400597,128.2010589,4,2,2,0,8,GREEN
PAO,8782544909,ODP-PAO-FBE/042,-3.63583536,128.2013193,1,7,0,0,8,RED
PAO,8869994212,ODP-PAO-FAT/105,-3.630419117,128.2157353,1,5,2,0,8,YELLOW
PAO,8894594777,ODP-PAO-FAT/106,-3.624156647,128.2218702,0,3,5,0,8,GREEN
PAO,8811343851,ODP-PAO-FAT/104,-3.631721795,128.2230592,1,7,0,0,8,RED
PAO,8763869711,ODP-PAO-FAT/103,-3.62928017,128.2243667,0,8,0,0,8,RED
PAO,8895196495,ODP-PAO-FAT/107,-3.629303317,128.2243877,3,1,4,0,8,GREEN
PAO,8945143977,ODP-PAO-FAS/086,-3.627499123,128.2301547,5,0,3,0,8,BLACKSYSTEM
PAO,8870593533,ODP-PAO-FAG/093,-3.641932522,128.2408467,0,8,0,0,8,RED
PAO,8781043882,ODP-PAO-FAB/043,-3.631690663,128.2411267,8,0,0,0,8,BLACKSYSTEM
PAO,8781043888,ODP-PAO-FAB/045,-3.632057602,128.2425089,5,3,0,0,8,GREEN
PAO,8870593528,ODP-PAO-FAG/094,-3.640678928,128.2430889,0,8,0,0,8,RED
PAO,8090143692,ODP-PAO-FAS/072,-3.632161314,128.2431866,5,3,0,0,8,GREEN
PAO,8892493680,ODP-PAO-FAK/144,-3.623611171,128.2436373,6,2,0,0,8,GREEN
PAO,8892493692,ODP-PAO-FAK/138,-3.625211713,128.2436766,5,0,3,0,8,BLACKSYSTEM
PAO,8892493677,ODP-PAO-FAK/143,-3.623418011,128.2438033,7,1,0,0,8,GREEN
PAO,8892493695,ODP-PAO-FAK/140,-3.623276976,128.2440575,7,1,0,0,8,GREEN
PAO,8892493704,ODP-PAO-FAK/139,-3.624698356,128.2441719,0,4,4,0,8,YELLOW
PAO,8892493698,ODP-PAO-FAK/146,-3.624179525,128.2442109,2,5,1,0,8,YELLOW
PAO,8892493683,ODP-PAO-FAK/145,-3.623796256,128.244235,7,1,0,0,8,GREEN
PAO,8892493707,ODP-PAO-FAK/141,-3.62341191,128.2445634,8,0,0,0,8,BLACKSYSTEM
PAO,8781043885,ODP-PAO-FAB/044,-3.634293234,128.2445829,6,2,0,0,8,GREEN
PAO,8892493710,ODP-PAO-FAK/142,-3.623678817,128.2446266,7,1,0,0,8,GREEN
PAO,8892493686,ODP-PAO-FAK/147,-3.623537603,128.2485657,0,8,0,0,8,RED
PAO,8892493689,ODP-PAO-FAK/150,-3.623892791,128.2499518,3,1,4,0,8,GREEN
PAO,8811345059,ODP-PAO-FAQ/124,-3.633754849,128.2500031,0,8,0,0,8,RED
PAO,8920624615,ODP-PAO-FAK/152,-3.63034878,128.2504279,8,0,0,0,8,BLACKSYSTEM
PAO,8892493674,ODP-PAO-FAK/149,-3.622871368,128.250819,6,2,0,0,8,GREEN
PAO,8892493701,ODP-PAO-FAK/148,-3.622503799,128.2512348,4,1,3,0,8,GREEN
PAO,8763719997,ODP-PAO-FAQ/120,-3.63775115,128.251964,6,2,0,0,8,GREEN
PAO,8942220586,ODP-PAO-FAK/151,-3.627048747,128.2520583,6,2,0,0,8,GREEN
PAO,955703334,ODP-PAO-FAC/18,-3.632001978,128.252981,16,0,0,0,16,BLACKSYSTEM
PAO,8946718549,ODP-PAO-FAQ/126,-3.636257921,128.256387,8,0,0,0,8,BLACKSYSTEM
PAO,8811343858,ODP-PAO-FAQ/123,-3.633411237,128.2580234,7,1,0,0,8,GREEN
PAO,8857921882,ODP-PAO-FAQ/122,-3.638013837,128.2590042,1,5,2,0,8,YELLOW
PAO,8857921877,ODP-PAO-FAQ/121,-3.637831894,128.2594588,6,2,0,0,8,GREEN
PAO,2437395574,ODP-PAO-FAC/016,-3.672153011,128.2972786,8,0,0,0,8,BLACKSYSTEM
PAO,7255543608,ODP-PAO-FAX/046,-3.581574565,128.3245533,3,5,0,0,8,YELLOW
PAO,7307593554,ODP-PAO-FAX/050,-3.58977129,128.3327754,4,3,1,0,8,GREEN
PAO,8942220559,ODP-PAO-FAX/079,-3.59451489,128.3371642,0,8,0,0,8,RED
PAO,7255543603,ODP-PAO-FAX/048,,,3,5,0,0,8,YELLOW
BUL,8764923075,ODP-BUL-FAC/001,-3.100307048,130.4751544,4,3,1,0,8,GREEN
BUL,8764923115,ODP-BUL-FAC/002,-3.101226061,130.4771006,6,2,0,0,8,GREEN
BUL,8764923105,ODP-BUL-FAC/003,-3.101749288,130.4782122,5,2,1,0,8,GREEN
BUL,8764923045,ODP-BUL-FAC/004,-3.102683198,130.480209,3,5,0,0,8,YELLOW
BUL,8764923095,ODP-BUL-FAC/005,-3.101975451,130.4819098,8,0,0,0,8,BLACKSYSTEM
BUL,8764923085,ODP-BUL-FAC/006,-3.102051736,130.4830311,7,1,0,0,8,GREEN
BUL,8764923019,ODP-BUL-FAC/007,-3.102736956,130.484497,8,0,0,0,8,BLACKSYSTEM
BUL,8764923055,ODP-BUL-FAC/008,-3.102043928,130.4847888,8,0,0,0,8,BLACKSYSTEM
BUL,8764922994,ODP-BUL-FAC/009,-3.101735377,130.4850582,8,0,0,0,8,BLACKSYSTEM
BUL,8764923050,ODP-BUL-FAC/010,-3.101930308,130.4853762,7,1,0,0,8,GREEN
BUL,8764923014,ODP-BUL-FAC/011,-3.102737315,130.4857629,5,2,1,0,8,GREEN
BUL,8764923040,ODP-BUL-FAC/012,-3.103660635,130.4865291,7,1,0,0,8,GREEN
BUL,8764923090,ODP-BUL-FAC/013,-3.10429757,130.4881152,7,1,0,0,8,GREEN
BUL,8764923030,ODP-BUL-FAC/027,-3.103455921,130.4888322,2,4,2,0,8,YELLOW
BUL,8764922999,ODP-BUL-FAC/026,-3.103787178,130.4907112,7,1,0,0,8,GREEN
BUL,8764923004,ODP-BUL-FAC/025,-3.10447886,130.4931372,7,1,0,0,8,GREEN
BUL,8764923070,ODP-BUL-FAC/024,-3.104763538,130.493925,7,1,0,0,8,GREEN
BUL,8764923009,ODP-BUL-FAC/023,-3.105094615,130.4952065,6,2,0,0,8,GREEN
BUL,8764923035,ODP-BUL-FAC/022,-3.10529852,130.4963924,5,3,0,0,8,GREEN
BUL,8764923125,ODP-BUL-FAC/021,-3.107587967,130.5038768,3,5,0,0,8,YELLOW
BUL,8764923025,ODP-BUL-FAC/020,-3.108538298,130.5047808,8,0,0,0,8,BLACKSYSTEM
BUL,8764923110,ODP-BUL-FAC/019,-3.107479912,130.5056474,4,2,2,0,8,GREEN
BUL,8764923120,ODP-BUL-FAC/018,-3.107777872,130.5178605,7,1,0,0,8,GREEN
BUL,8764923065,ODP-BUL-FAC/017,-3.107220453,130.5190001,8,0,0,0,8,BLACKSYSTEM
BUL,8764923060,ODP-BUL-FAC/016,-3.108632622,130.519796,5,3,0,0,8,GREEN
BUL,8764923080,ODP-BUL-FAC/015,-3.106741473,130.5200441,6,2,0,0,8,GREEN
BUL,8764923100,ODP-BUL-FAC/014,-3.106295251,130.5209621,7,1,0,0,8,GREEN
MSH,8704473246,ODP-MSH-FAP/029,-3.359820172,128.3688215,8,0,0,0,8,BLACKSYSTEM
MSH,8704473240,ODP-MSH-FAP/027,-3.360888439,128.370133,5,3,0,0,8,GREEN
MSH,8704473243,ODP-MSH-FAP/028,-3.368182788,128.3738793,6,2,0,0,8,GREEN
MSH,8704473164,ODP-MSH-FAP/026,-3.375572217,128.3797013,5,3,0,0,8,GREEN
MSH,8707770273,ODP-MSH-FAD/057,-3.34450048,128.9245366,8,0,0,0,8,BLACKSYSTEM
MSH,8707770268,ODP-MSH-FAD/058,-3.347342699,128.9284601,5,3,0,0,8,GREEN
MSH,8707770263,ODP-MSH-FAD/056,-3.321754908,128.9313993,5,3,0,0,8,GREEN
MSH,8702670701,ODP-MSH-FAD/054,-3.332919598,128.9316208,8,0,0,0,8,BLACKSYSTEM
MSH,8702670698,ODP-MSH-FAD/055,-3.321509573,128.9330118,7,1,0,0,8,GREEN
MSH,8764847073,ODP-MSH-FAD/059,-3.322206096,128.9344383,7,1,0,0,8,GREEN
MSH,8852369502,ODP-MSH-FAA/093,-3.31044719,128.9467484,4,3,1,0,8,GREEN
MSH,8026321999,ODP-MSH-FAA/088,-3.302113065,128.9503289,0,8,0,0,8,RED
MSH,8702371226,ODP-MSH-FAA/091,-3.309094694,128.950999,4,4,0,0,8,YELLOW
MSH,8702371221,ODP-MSH-FAA/092,-3.299394419,128.9536081,3,5,0,0,8,YELLOW
MSH,8852220324,ODP-MSH-FAQ/019,-3.197940752,129.0070721,4,4,0,0,8,YELLOW
MSH,8852220309,ODP-MSH-FAQ/021,-3.204312331,129.0072294,8,0,0,0,8,BLACKSYSTEM
MSH,8852220319,ODP-MSH-FAQ/022,-3.207145293,129.0095103,8,0,0,0,8,BLACKSYSTEM
MSH,8852220314,ODP-MSH-FAQ/020,-3.199281138,129.0118912,8,0,0,0,8,BLACKSYSTEM
NMR,1551650536,ODP-NMR-FAD/31,-3.842161014,126.738008,0,8,0,0,8,RED
NML,8818993691,ODP-NML-FAN/034,-3.300983287,127.0137818,8,0,0,0,8,BLACKSYSTEM
NML,8818993701,ODP-NML-FAN/041,-3.299687766,127.0145295,8,0,0,0,8,BLACKSYSTEM
NML,8818993671,ODP-NML-FAN/035,-3.301005273,127.0146949,7,1,0,0,8,GREEN
NML,8818993786,ODP-NML-FAN/033,-3.301709342,127.0148915,8,0,0,0,8,BLACKSYSTEM
NML,8818993666,ODP-NML-FAN/040,-3.300125499,127.0152383,8,0,0,0,8,BLACKSYSTEM
NML,8818993731,ODP-NML-FAN/042,-3.298364067,127.0153487,8,0,0,0,8,BLACKSYSTEM
NML,8818993716,ODP-NML-FAN/036,-3.301572136,127.0155895,8,0,0,0,8,BLACKSYSTEM
NML,8818993681,ODP-NML-FAN/039,-3.300694696,127.01616,8,0,0,0,8,BLACKSYSTEM
NML,8818993656,ODP-NML-FAN/032,-3.303140632,127.0162034,8,0,0,0,8,BLACKSYSTEM
NML,8818993636,ODP-NML-FAN/043,-3.299047678,127.0164556,8,0,0,0,8,BLACKSYSTEM
NML,8818993776,ODP-NML-FAN/038,-3.301807872,127.0169354,8,0,0,0,8,BLACKSYSTEM
NML,8818993676,ODP-NML-FAN/044,-3.300551567,127.0169762,8,0,0,0,8,BLACKSYSTEM
NML,8818993611,ODP-NML-FAN/031,-3.303724006,127.0170046,8,0,0,0,8,BLACKSYSTEM
NML,8818993616,ODP-NML-FAN/050,-3.298259524,127.0170697,8,0,0,0,8,BLACKSYSTEM
NML,8818993576,ODP-NML-FAN/037,-3.302623035,127.0172572,8,0,0,0,8,BLACKSYSTEM
NML,8818993561,ODP-NML-FAN/030,-3.304124228,127.0175851,8,0,0,0,8,BLACKSYSTEM
NML,8818993551,ODP-NML-FAN/046,-3.300046891,127.018007,8,0,0,0,8,BLACKSYSTEM
NML,8818993761,ODP-NML-FAN/045,-3.301252226,127.0181108,8,0,0,0,8,BLACKSYSTEM
NML,8818993591,ODP-NML-FAN/049,-3.299150426,127.018488,8,0,0,0,8,BLACKSYSTEM
NML,8818993571,ODP-NML-FAN/047,-3.299878994,127.0186878,8,0,0,0,8,BLACKSYSTEM
NML,8818993541,ODP-NML-FAN/048,-3.299576224,127.0191514,8,0,0,0,8,BLACKSYSTEM
NML,8818993721,ODP-NML-FAN/051,-3.29354558,127.0197067,8,0,0,0,8,BLACKSYSTEM
NML,8818993651,ODP-NML-FAN/017,-3.294544976,127.0199734,8,0,0,0,8,BLACKSYSTEM
NML,8818993536,ODP-NML-FAN/029,-3.291647382,127.020466,8,0,0,0,8,BLACKSYSTEM
NML,8818993766,ODP-NML-FAN/018,-3.295324786,127.0209931,8,0,0,0,8,BLACKSYSTEM
NML,8818993661,ODP-NML-FAN/008,-3.277448104,127.0211043,8,0,0,0,8,BLACKSYSTEM
NML,8818993741,ODP-NML-FAN/028,-3.29203298,127.0211954,8,0,0,0,8,BLACKSYSTEM
NML,8818993641,ODP-NML-FAN/021,-3.294799379,127.0212735,8,0,0,0,8,BLACKSYSTEM
NML,8818993556,ODP-NML-FAN/016,-3.28903694,127.0215138,8,0,0,0,8,BLACKSYSTEM
NML,8818993566,ODP-NML-FAN/019,-3.295732548,127.0215252,8,0,0,0,8,BLACKSYSTEM
NML,8818993631,ODP-NML-FAN/026,-3.293286062,127.0215701,8,0,0,0,8,BLACKSYSTEM
NML,8835419391,ODP-NML-FAM/001,-3.164527129,127.0217396,7,0,1,0,8,BLACKSYSTEM
NML,8818993601,ODP-NML-FAN/027,-3.292611422,127.0221425,8,0,0,0,8,BLACKSYSTEM
NML,8818993771,ODP-NML-FAN/015,-3.287010681,127.0222429,8,0,0,0,8,BLACKSYSTEM
NML,8818993581,ODP-NML-FAN/025,-3.293701453,127.0222664,8,0,0,0,8,BLACKSYSTEM
NML,8835419411,ODP-NML-FAM/002,-3.166795941,127.0223391,3,3,2,0,8,GREEN
NML,8818993781,ODP-NML-FAN/022,-3.294592626,127.0223574,8,0,0,0,8,BLACKSYSTEM
NML,8818993726,ODP-NML-FAN/020,-3.29571819,127.0223729,8,0,0,0,8,BLACKSYSTEM
NML,8818993711,ODP-NML-FAN/009,-3.277724855,127.0225244,8,0,0,0,8,BLACKSYSTEM
NML,8818993626,ODP-NML-FAN/010,-3.276855478,127.0225378,8,0,0,0,8,BLACKSYSTEM
NML,8818993746,ODP-NML-FAN/007,-3.275499902,127.0226147,8,0,0,0,8,BLACKSYSTEM
NML,8818993756,ODP-NML-FAN/024,-3.294141251,127.0230011,8,0,0,0,8,BLACKSYSTEM
NML,8835419189,ODP-NML-FAM/003,-3.166285299,127.023004,13,3,0,0,16,GREEN
NML,8818993646,ODP-NML-FAN/011,-3.277123165,127.0233176,8,0,0,0,8,BLACKSYSTEM
NML,8818993736,ODP-NML-FAN/014,-3.279422777,127.0234215,8,0,0,0,8,BLACKSYSTEM
NML,8818993586,ODP-NML-FAN/023,-3.294522183,127.0236008,8,0,0,0,8,BLACKSYSTEM
NML,8818993606,ODP-NML-FAN/006,-3.275761398,127.0237472,8,0,0,0,8,BLACKSYSTEM
NML,8818993596,ODP-NML-FAN/013,-3.278400219,127.0238964,8,0,0,0,8,BLACKSYSTEM
NML,8835419231,ODP-NML-FAM/004,-3.165544913,127.0239536,6,2,0,0,8,GREEN
NML,8818993621,ODP-NML-FAN/012,-3.277372007,127.0240654,8,0,0,0,8,BLACKSYSTEM
NML,8818993696,ODP-NML-FAN/002,-3.275023755,127.0241322,8,0,0,0,8,BLACKSYSTEM
NML,8835419241,ODP-NML-FAM/006,-3.167542609,127.0243932,7,1,0,0,8,GREEN
NML,8835419296,ODP-NML-FAM/013,-3.174440653,127.0246516,8,0,0,0,8,BLACKSYSTEM
NML,8818993686,ODP-NML-FAN/005,-3.276283042,127.0246612,8,0,0,0,8,BLACKSYSTEM
NML,8835419221,ODP-NML-FAM/007,-3.168090135,127.0246706,5,2,1,0,8,GREEN
NML,8818993751,ODP-NML-FAN/003,-3.275380192,127.0249529,8,0,0,0,8,BLACKSYSTEM
NML,8835419441,ODP-NML-FAM/005,-3.166287633,127.0249971,7,0,1,0,8,BLACKSYSTEM
NML,8835419456,ODP-NML-FAM/014,-3.17324572,127.0250088,8,0,0,0,8,BLACKSYSTEM
NML,8835419201,ODP-NML-FAM/012,-3.174230564,127.0252201,8,0,0,0,8,BLACKSYSTEM
NML,8835419501,ODP-NML-FAM/015,-3.172582696,127.0253632,8,0,0,0,8,BLACKSYSTEM
NML,8818993546,ODP-NML-FAN/004,-3.275426766,127.0256202,8,0,0,0,8,BLACKSYSTEM
NML,8835419291,ODP-NML-FAM/011,-3.171720531,127.0256665,5,2,1,0,8,GREEN
NML,8835419321,ODP-NML-FAM/016,-3.172752939,127.0256726,6,1,1,0,8,GREEN
NML,8835419426,ODP-NML-FAM/008,-3.167564327,127.0257607,7,0,1,0,8,BLACKSYSTEM
NML,8835419251,ODP-NML-FAM/010,-3.170833955,127.0260654,4,1,3,0,8,GREEN
NML,8818993706,ODP-NML-FAN/001,-3.274881341,127.0262276,8,0,0,0,8,BLACKSYSTEM
NML,8835419491,ODP-NML-FAM/009,-3.170128571,127.0263673,7,1,0,0,8,GREEN
NML,8835419196,ODP-NML-FAM/018,-3.172932695,127.0264673,8,0,0,0,8,BLACKSYSTEM
NML,8835419446,ODP-NML-FAM/017,-3.17185021,127.0266931,8,0,0,0,8,BLACKSYSTEM
NML,8835419306,ODP-NML-FAM/044,-3.173754475,127.0266998,7,0,1,0,8,BLACKSYSTEM
NML,8835419311,ODP-NML-FAM/045,-3.175331265,127.0269472,8,0,0,0,8,BLACKSYSTEM
NML,8835419481,ODP-NML-FAM/046,-3.174358448,127.02779,8,0,0,0,8,BLACKSYSTEM
NML,8835419406,ODP-NML-FAM/047,-3.174561806,127.0283035,3,3,2,0,8,GREEN
NML,8835419341,ODP-NML-FAM/048,-3.176814541,127.0286314,7,1,0,0,8,GREEN
NML,8835419416,ODP-NML-FAM/049,-3.175451431,127.028943,7,1,0,0,8,GREEN
NML,8835419451,ODP-NML-FAM/057,-3.174778806,127.0291193,5,2,1,0,8,GREEN
NML,8835419356,ODP-NML-FAM/056,-3.174239718,127.0293928,6,2,0,0,8,GREEN
NML,8835419336,ODP-NML-FAM/058,-3.174834177,127.0298094,5,1,2,0,8,GREEN
NML,8835419246,ODP-NML-FAM/055,-3.174296974,127.0301325,7,0,1,0,8,BLACKSYSTEM
NML,8835419466,ODP-NML-FAM/054,-3.173688783,127.0302599,7,1,0,0,8,GREEN
NML,8835419206,ODP-NML-FAM/059,-3.174816498,127.0304842,7,0,1,0,8,BLACKSYSTEM
NML,8835419421,ODP-NML-FAM/053,-3.173583425,127.0312014,8,0,0,0,8,BLACKSYSTEM
NML,8835419401,ODP-NML-FAM/060,-3.174700908,127.0312048,6,1,1,0,8,GREEN
NML,8835419511,ODP-NML-FAM/061,-3.174562345,127.0320689,7,0,1,0,8,BLACKSYSTEM
NML,8835419371,ODP-NML-FAM/052,-3.17366904,127.0322682,7,1,0,0,8,GREEN
NML,8835419331,ODP-NML-FAM/062,-3.174362666,127.0330543,7,1,0,0,8,GREEN
NML,8835419316,ODP-NML-FAM/051,-3.173379976,127.0330661,8,0,0,0,8,BLACKSYSTEM
NML,8835419286,ODP-NML-FAM/063,-3.174230923,127.0339,6,0,2,0,8,BLACKSYSTEM
NML,8835419261,ODP-NML-FAM/050,-3.173302528,127.0340659,8,0,0,0,8,BLACKSYSTEM
NML,8835419471,ODP-NML-FAM/064,-3.174158231,127.0346199,7,0,1,0,8,BLACKSYSTEM
NML,8835419326,ODP-NML-FAM/065,-3.174009705,127.0354277,8,0,0,0,8,BLACKSYSTEM
NML,8835419301,ODP-NML-FAM/019,-3.173885949,127.0362441,6,0,2,0,8,BLACKSYSTEM
NML,8835419366,ODP-NML-FAM/043,-3.192909808,127.0683713,8,0,0,0,8,BLACKSYSTEM
NML,8835419281,ODP-NML-FAM/042,-3.193677194,127.0694182,2,4,2,0,8,YELLOW
NML,8835419271,ODP-NML-FAM/041,-3.195480743,127.0709915,4,3,1,0,8,GREEN
NML,8835419436,ODP-NML-FAM/040,-3.196006721,127.0715813,4,2,2,0,8,GREEN
NML,8835419351,ODP-NML-FAM/027,-3.197321443,127.0722607,6,1,1,0,8,GREEN
NML,8835419396,ODP-NML-FAM/039,-3.196548405,127.072508,7,0,1,0,8,BLACKSYSTEM
NML,8835419211,ODP-NML-FAM/028,-3.196993795,127.0725436,8,0,0,0,8,BLACKSYSTEM
NML,8835419226,ODP-NML-FAM/026,-3.197940304,127.0727332,4,2,2,0,8,GREEN
NML,8835419476,ODP-NML-FAM/038,-3.196924962,127.0731876,7,0,1,0,8,BLACKSYSTEM
NML,8835419256,ODP-NML-FAM/029,-3.197762076,127.0732654,8,0,0,0,8,BLACKSYSTEM
NML,8835419236,ODP-NML-FAM/030,-3.198347104,127.0737024,6,0,2,0,8,BLACKSYSTEM
NML,8835419496,ODP-NML-FAM/037,-3.197337327,127.0738356,7,1,0,0,8,GREEN
NML,8835419486,ODP-NML-FAM/031,-3.198999887,127.0741936,8,0,0,0,8,BLACKSYSTEM
NML,8835419381,ODP-NML-FAM/036,-3.198113147,127.0744631,6,1,1,0,8,GREEN
NML,8835419276,ODP-NML-FAM/032,-3.199575851,127.0745947,8,0,0,0,8,BLACKSYSTEM
NML,8835419266,ODP-NML-FAM/035,-3.198778,127.074917,6,2,0,0,8,GREEN
NML,8835419376,ODP-NML-FAM/025,-3.20016007,127.0750015,5,2,1,0,8,GREEN
NML,8835419431,ODP-NML-FAM/034,-3.19918296,127.075197,6,2,0,0,8,GREEN
NML,8835419361,ODP-NML-FAM/033,-3.200218492,127.0758946,2,4,2,0,8,YELLOW
NML,8835419461,ODP-NML-FAM/024,-3.201965047,127.0765303,0,2,6,0,8,GREEN
NML,8835419346,ODP-NML-FAM/023,-3.203189394,127.0766406,2,4,2,0,8,YELLOW
NML,8835419386,ODP-NML-FAM/022,-3.203973646,127.077271,4,2,2,0,8,GREEN
NML,8835419506,ODP-NML-FAM/021,-3.20455939,127.0785816,3,2,3,0,8,GREEN
NML,8835419216,ODP-NML-FAM/020,-3.203891443,127.0794089,1,1,6,0,8,GREEN
NML,8810520137,ODP-NML-FAA/105,-3.261498621,127.0975864,1,6,1,0,8,YELLOW
DOB,8810143528,ODP-DOB-FAB/140,-5.764185537,134.1942429,0,6,2,0,8,YELLOW
DOB,8810143538,ODP-DOB-FAB/139,-5.767941495,134.1946709,3,3,2,0,8,GREEN
DOB,8810143533,ODP-DOB-FAB/141,-5.764246604,134.1956158,0,7,1,0,8,RED
TIA,8866921684,ODP-TIA-FAA/172,-8.165575543,127.7887201,7,1,0,0,8,GREEN
TIA,8866921699,ODP-TIA-FAA/175,-8.164345254,127.7887734,3,2,3,0,8,GREEN
TIA,8866921729,ODP-TIA-FAA/171,-8.166382258,127.7888343,7,1,0,0,8,GREEN
TIA,8866921674,ODP-TIA-FAA/174,-8.164249848,127.7895552,5,3,0,0,8,GREEN
TIA,8866921664,ODP-TIA-FAA/173,-8.165120912,127.7896796,8,0,0,0,8,BLACKSYSTEM
TIA,8866921694,ODP-TIA-FAA/178,-8.156231355,127.7898195,8,0,0,0,8,BLACKSYSTEM
TIA,8866921669,ODP-TIA-FAA/170,-8.169410442,127.7899502,8,0,0,0,8,BLACKSYSTEM
TIA,8866921719,ODP-TIA-FAA/169,-8.169152069,127.7908588,5,3,0,0,8,GREEN
TIA,8866921689,ODP-TIA-FAA/168,-8.170068465,127.7911093,8,0,0,0,8,BLACKSYSTEM
TIA,8866921704,ODP-TIA-FAA/177,-8.153557341,127.7911605,5,2,1,0,8,GREEN
TIA,8866921709,ODP-TIA-FAA/176,-8.155643556,127.7955574,6,2,0,0,8,GREEN
TIA,8866921679,ODP-TIA-FAA/208,-8.142116009,127.797343,6,1,1,0,8,GREEN
TIA,8866921714,ODP-TIA-FAA/209,-8.142057549,127.7992183,3,4,1,0,8,YELLOW
TIA,8866919114,ODP-TIA-FAA/207,-8.158528368,127.8036098,8,0,0,0,8,BLACKSYSTEM
TIA,8866919104,ODP-TIA-FAA/206,-8.159422021,127.8040054,0,7,1,0,8,RED
TIA,8866921724,ODP-TIA-FAA/210,-8.139190958,127.8045937,7,1,0,0,8,GREEN
TIA,8866919084,ODP-TIA-FAA/197,-8.142706944,127.804988,8,0,0,0,8,BLACKSYSTEM
TIA,8866919204,ODP-TIA-FAA/198,-8.143210501,127.8050193,8,0,0,0,8,BLACKSYSTEM
TIA,8866919154,ODP-TIA-FAA/199,-8.145139044,127.8050328,7,1,0,0,8,GREEN
TIA,8866919189,ODP-TIA-FAA/205,-8.162339481,127.8052938,8,0,0,0,8,BLACKSYSTEM
TIA,8866919184,ODP-TIA-FAA/196,-8.140950381,127.8053966,8,0,0,0,8,BLACKSYSTEM
TIA,8866919064,ODP-TIA-FAA/195,-8.14022994,127.8058432,8,0,0,0,8,BLACKSYSTEM
TIA,8866919139,ODP-TIA-FAA/204,-8.164348467,127.80694,7,1,0,0,8,GREEN
TIA,8866919129,ODP-TIA-FAA/200,-8.168126701,127.806945,8,0,0,0,8,BLACKSYSTEM
TIA,8866919094,ODP-TIA-FAA/201,-8.167165857,127.8072231,1,6,1,0,8,YELLOW
TIA,8866919149,ODP-TIA-FAA/203,-8.164903503,127.8080806,6,2,0,0,8,GREEN
TIA,8866919074,ODP-TIA-FAA/194,-8.14028956,127.8083977,8,0,0,0,8,BLACKSYSTEM
TIA,8866919159,ODP-TIA-FAA/202,-8.167457698,127.809,7,1,0,0,8,GREEN
TIA,8866919134,ODP-TIA-FAA/193,-8.140437451,127.8115072,7,0,1,0,8,BLACKSYSTEM
TIA,8866919079,ODP-TIA-FAA/192,-8.142602162,127.8169648,6,2,0,0,8,GREEN
TIA,8866919119,ODP-TIA-FAA/191,-8.146494322,127.8237992,8,0,0,0,8,BLACKSYSTEM
TIA,8866919199,ODP-TIA-FAA/189,-8.146149992,127.8286906,8,0,0,0,8,BLACKSYSTEM
TIA,8866919164,ODP-TIA-FAA/190,-8.146764931,127.8297643,8,0,0,0,8,BLACKSYSTEM
TIA,8866919089,ODP-TIA-FAA/188,-8.145911781,127.8298814,8,0,0,0,8,BLACKSYSTEM
TIA,8866919144,ODP-TIA-FAA/187,-8.145037298,127.8304144,8,0,0,0,8,BLACKSYSTEM
TIA,8866919179,ODP-TIA-FAA/186,-8.146044675,127.8334831,7,1,0,0,8,GREEN
TIA,8866919194,ODP-TIA-FAA/180,-8.145088528,127.8334915,7,0,1,0,8,BLACKSYSTEM
TIA,8866919169,ODP-TIA-FAA/179,-8.144371126,127.8339063,8,0,0,0,8,BLACKSYSTEM
TIA,8866919099,ODP-TIA-FAA/181,-8.145040957,127.8340321,7,1,0,0,8,GREEN
TIA,8866919174,ODP-TIA-FAA/185,-8.145532017,127.8341088,7,1,0,0,8,GREEN
TIA,8866919124,ODP-TIA-FAA/184,-8.144955186,127.8344699,8,0,0,0,8,BLACKSYSTEM
TIA,8866919069,ODP-TIA-FAA/182,-8.144245192,127.8345164,8,0,0,0,8,BLACKSYSTEM
TIA,8866919109,ODP-TIA-FAA/183,-8.144027865,127.8350393,8,0,0,0,8,BLACKSYSTEM
TIA,8897220225,ODP-TIA-FAB/001,-8.2042227,127.8512023,8,0,0,0,8,BLACKSYSTEM
TIA,8897220220,ODP-TIA-FAB/002,-8.204953062,127.852478,8,0,0,0,8,BLACKSYSTEM
TIA,8897220180,ODP-TIA-FAB/003,-8.205849504,127.853014,8,0,0,0,8,BLACKSYSTEM
TIA,8897220200,ODP-TIA-FAB/004,-8.205117269,127.853623,8,0,0,0,8,BLACKSYSTEM
TIA,8897220210,ODP-TIA-FAB/011,-8.207089885,127.8537135,8,0,0,0,8,BLACKSYSTEM
TIA,8897220175,ODP-TIA-FAB/010,-8.206179434,127.8540676,8,0,0,0,8,BLACKSYSTEM
TIA,8897220205,ODP-TIA-FAB/009,-8.205454695,127.8543575,8,0,0,0,8,BLACKSYSTEM
TIA,8897220195,ODP-TIA-FAB/007,-8.206809486,127.854855,8,0,0,0,8,BLACKSYSTEM
TIA,8897220215,ODP-TIA-FAB/008,-8.206067792,127.8550662,8,0,0,0,8,BLACKSYSTEM
TIA,8897220190,ODP-TIA-FAB/006,-8.207353775,127.8554995,8,0,0,0,8,BLACKSYSTEM
TIA,8897220185,ODP-TIA-FAB/005,-8.207874861,127.8562812,8,0,0,0,8,BLACKSYSTEM
SML,8796719539,ODP-SML-FAF/130,-7.9819687,131.2940411,0,8,0,0,8,RED
SML,8704620238,ODP-SML-FAF/128,-7.992628487,131.2959058,0,8,0,0,8,RED
SML,8704620233,ODP-SML-FAF/129,-7.991576854,131.2980461,6,0,2,0,8,BLACKSYSTEM
SML,8897218695,ODP-SML-FAH/012,-7.976431175,131.300427,4,1,3,0,8,GREEN
SML,8897218725,ODP-SML-FAH/013,-7.975353626,131.300448,8,0,0,0,8,BLACKSYSTEM
SML,8897218758,ODP-SML-FAH/014,-7.972977831,131.3013175,4,3,1,0,8,GREEN
SML,8897218668,ODP-SML-FAH/011,-7.977046994,131.3014796,0,7,1,0,8,RED
SML,8897218782,ODP-SML-FAH/010,-7.977457569,131.3020023,0,8,0,0,8,RED
SML,8897218779,ODP-SML-FAH/015,-7.973726227,131.3023605,7,0,1,0,8,BLACKSYSTEM
SML,8897218692,ODP-SML-FAH/001,-7.976541519,131.3024775,6,1,1,0,8,GREEN
SML,8897218728,ODP-SML-FAH/008,-7.978094098,131.302816,0,8,0,0,8,RED
SML,8897218713,ODP-SML-FAH/002,-7.976077557,131.3029785,6,1,1,0,8,GREEN
SML,8897218731,ODP-SML-FAH/004,-7.974468641,131.3033488,5,2,1,0,8,GREEN
SML,8897218761,ODP-SML-FAH/009,-7.97713859,131.3033787,0,1,7,0,8,GREEN
SML,8897218791,ODP-SML-FAH/005,-7.975581456,131.3040599,7,0,1,0,8,BLACKSYSTEM
SML,8897218701,ODP-SML-FAH/007,-7.979183428,131.3042683,7,1,0,0,8,GREEN
SML,8897218746,ODP-SML-FAH/003,-7.973191378,131.3043191,5,0,3,0,8,BLACKSYSTEM
SML,8897218689,ODP-SML-FAH/033,-7.970458919,131.304547,7,1,0,0,8,GREEN
SML,8897218677,ODP-SML-FAH/006,-7.976454208,131.3053072,7,0,1,0,8,BLACKSYSTEM
SML,8897218734,ODP-SML-FAH/034,-7.968346114,131.3053684,8,0,0,0,8,BLACKSYSTEM
SML,8897218788,ODP-SML-FAH/032,-7.971463003,131.3060727,6,0,2,0,8,BLACKSYSTEM
SML,8897218698,ODP-SML-FAH/040,-7.965486951,131.3062012,8,0,0,0,8,BLACKSYSTEM
SML,8897218737,ODP-SML-FAH/047,-7.967670829,131.3064566,6,0,2,0,8,BLACKSYSTEM
SML,8897218722,ODP-SML-FAH/041,-7.965966009,131.3064921,8,0,0,0,8,BLACKSYSTEM
SML,8897218662,ODP-SML-FAH/030,-7.974166265,131.3070107,8,0,0,0,8,BLACKSYSTEM
SML,8897218674,ODP-SML-FAH/039,-7.963241465,131.3071735,8,0,0,0,8,BLACKSYSTEM
SML,8897218752,ODP-SML-FAH/042,-7.964715334,131.3072182,8,0,0,0,8,BLACKSYSTEM
SML,8897218755,ODP-SML-FAH/031,-7.971528532,131.3072282,7,0,1,0,8,BLACKSYSTEM
SML,8897218707,ODP-SML-FAH/046,-7.965797723,131.3072515,8,0,0,0,8,BLACKSYSTEM
SML,8897218794,ODP-SML-FAH/038,-7.962075241,131.3076998,7,0,1,0,8,BLACKSYSTEM
SML,8897218776,ODP-SML-FAH/043,-7.963553933,131.3077144,8,0,0,0,8,BLACKSYSTEM
SML,8897218659,ODP-SML-FAH/044,-7.962297094,131.3082514,2,1,5,0,8,GREEN
SML,8897218683,ODP-SML-FAH/045,-7.963311904,131.3084119,8,0,0,0,8,BLACKSYSTEM
SML,8897218680,ODP-SML-FAH/028,-7.965301345,131.3086198,8,0,0,0,8,BLACKSYSTEM
SML,8897218656,ODP-SML-FAH/027,-7.963689098,131.309368,6,2,0,0,8,GREEN
SML,8897218704,ODP-SML-FAH/029,-7.965878875,131.3097897,8,0,0,0,8,BLACKSYSTEM
SML,8897218773,ODP-SML-FAH/026,-7.962370301,131.3099208,8,0,0,0,8,BLACKSYSTEM
SML,8897218716,ODP-SML-FAH/035,-7.949112271,131.3100751,7,1,0,0,8,GREEN
SML,8897218671,ODP-SML-FAH/022,-7.965170109,131.3101375,6,2,0,0,8,GREEN
SML,8897218743,ODP-SML-FAH/036,-7.950350655,131.310138,8,0,0,0,8,BLACKSYSTEM
SML,8897218749,ODP-SML-FAH/025,-7.961273979,131.3104089,7,1,0,0,8,GREEN
SML,8897218767,ODP-SML-FAH/037,-7.958436479,131.3105345,5,3,0,0,8,GREEN
SML,8897218770,ODP-SML-FAH/021,-7.965649881,131.311204,6,2,0,0,8,GREEN
SML,8897218785,ODP-SML-FAH/023,-7.962737943,131.3112718,7,1,0,0,8,GREEN
SML,8897218719,ODP-SML-FAH/024,-7.96166537,131.3117549,8,0,0,0,8,BLACKSYSTEM
SML,8897218764,ODP-SML-FAH/020,-7.964492321,131.3117721,6,0,2,0,8,BLACKSYSTEM
SML,8897218740,ODP-SML-FAH/019,-7.962024263,131.3126948,4,4,0,0,8,YELLOW
SML,8897218710,ODP-SML-FAH/018,-7.961865172,131.3138913,8,0,0,0,8,BLACKSYSTEM
SML,8897218686,ODP-SML-FAH/017,-7.959669936,131.3146433,6,0,2,0,8,BLACKSYSTEM
SML,8897218665,ODP-SML-FAH/016,-7.95778395,131.3152941,7,1,0,0,8,GREEN
TUA,8764543986,ODP-TUA-FAG/152,-5.709468644,132.701812,7,1,0,0,8,GREEN
TUA,8764544046,ODP-TUA-FAG/153,-5.708828298,132.7024059,8,0,0,0,8,BLACKSYSTEM
TUA,8764544061,ODP-TUA-FAG/154,-5.707917791,132.7033486,3,5,0,0,8,YELLOW
TUA,8764543951,ODP-TUA-FAG/151,-5.682505062,132.7167818,8,0,0,0,8,BLACKSYSTEM
TUA,2130870581,ODP-TUA-FAG/45,-5.687974335,132.7225402,2,6,0,0,8,YELLOW
TUA,8764544021,ODP-TUA-FAG/157,-5.673431293,132.727087,3,4,1,0,8,YELLOW
TUA,8764544001,ODP-TUA-FAG/159,-5.672648806,132.7279696,1,7,0,0,8,RED
TUA,6482443539,ODP-TUA-FAG/150,-5.668439593,132.7282926,0,8,0,0,8,RED
TUA,8764543966,ODP-TUA-FAG/162,-5.668677707,132.7287313,5,3,0,0,8,GREEN
TUA,8764544041,ODP-TUA-FAG/158,-5.673138196,132.7290719,0,8,0,0,8,RED
TUA,8764544026,ODP-TUA-FAG/160,-5.671472568,132.7290932,8,0,0,0,8,BLACKSYSTEM
TUA,8764543996,ODP-TUA-FAG/161,-5.670747033,132.7301375,7,1,0,0,8,GREEN
TUA,8764543961,ODP-TUA-FAG/155,-5.674956952,132.7309269,0,6,2,0,8,YELLOW
TUA,8764543976,ODP-TUA-FAG/166,-5.66986989,132.7310844,8,0,0,0,8,BLACKSYSTEM
TUA,8764544006,ODP-TUA-FAG/165,-5.669332499,132.731186,8,0,0,0,8,BLACKSYSTEM
TUA,8764544031,ODP-TUA-FAG/156,-5.673864535,132.7314426,0,4,4,0,8,YELLOW
TUA,8764544051,ODP-TUA-FAG/164,-5.668024438,132.7314649,8,0,0,0,8,BLACKSYSTEM
TUA,8764543971,ODP-TUA-FAG/163,-5.667398122,132.7316028,0,8,0,0,8,RED
TUA,8764543981,ODP-TUA-FAG/167,-5.670864254,132.7332333,3,3,2,0,8,GREEN
TUA,8764544011,ODP-TUA-FAG/168,-5.67028191,132.733813,3,5,0,0,8,YELLOW
TUA,8764544056,ODP-TUA-FAG/169,-5.66763158,132.7364177,5,1,2,0,8,GREEN
TUA,4906170276,ODP-TUA-FAG/044,-5.670898821,132.7369247,4,4,0,0,8,YELLOW
TUA,8764543991,ODP-TUA-FAG/170,-5.665648395,132.7378013,6,2,0,0,8,GREEN
TUA,8764543956,ODP-TUA-FAG/171,-5.664564116,132.7383264,5,3,0,0,8,GREEN
TUA,8764544036,ODP-TUA-FAG/172,-5.663517536,132.7388583,6,0,2,0,8,BLACKSYSTEM
TUA,8989393801,ODP-TUA-FAJ/044,-5.629094448,132.7507043,8,0,0,0,8,BLACKSYSTEM
TUA,8989393807,ODP-TUA-FAJ/045,-5.632531801,132.7511918,7,1,0,0,8,GREEN
TUA,8763043770,ODP-TUA-FAH/074,-5.647964398,132.7552909,7,1,0,0,8,GREEN
TUA,8763043890,ODP-TUA-FAH/070,-5.651150127,132.7557618,7,1,0,0,8,GREEN
TUA,8763043935,ODP-TUA-FAH/075,-5.647559621,132.7558629,8,0,0,0,8,BLACKSYSTEM
TUA,8763043815,ODP-TUA-FAH/071,-5.650258995,132.7559051,4,4,0,0,8,YELLOW
TUA,8763043920,ODP-TUA-FAH/072,-5.649734309,132.7559502,5,3,0,0,8,GREEN
TUA,8763043780,ODP-TUA-FAH/078,-5.643900145,132.7562123,0,1,7,0,8,GREEN
TUA,8763043960,ODP-TUA-FAH/077,-5.64530854,132.7562307,8,0,0,0,8,BLACKSYSTEM
TUA,8763043905,ODP-TUA-FAH/076,-5.646979232,132.756323,7,1,0,0,8,GREEN
TUA,8763043805,ODP-TUA-FAH/079,-5.64024764,132.7564514,6,2,0,0,8,GREEN
TUA,8763043955,ODP-TUA-FAH/073,-5.648616697,132.756557,6,0,2,0,8,BLACKSYSTEM
TUA,8763043850,ODP-TUA-FAH/069,-5.651327351,132.7566215,6,2,0,0,8,GREEN
TUA,8763043870,ODP-TUA-FAH/089,-5.628805457,132.7567014,8,0,0,0,8,BLACKSYSTEM
TUA,8763043900,ODP-TUA-FAH/068,-5.652218841,132.7570022,8,0,0,0,8,BLACKSYSTEM
TUA,8763043985,ODP-TUA-FAH/088,-5.628996476,132.7570623,5,3,0,0,8,GREEN
TUA,8763043940,ODP-TUA-FAH/067,-5.652565406,132.7570879,7,1,0,0,8,GREEN
TUA,8763043835,ODP-TUA-FAH/087,-5.631912267,132.7573742,5,3,0,0,8,GREEN
TUA,8763043865,ODP-TUA-FAH/086,-5.63497214,132.757568,4,3,1,0,8,GREEN
TUA,8763043860,ODP-TUA-FAH/085,-5.637012259,132.7576858,8,0,0,0,8,BLACKSYSTEM
TUA,8763043880,ODP-TUA-FAH/080,-5.638599592,132.7578309,5,3,0,0,8,GREEN
TUA,8763043945,ODP-TUA-FAH/066,-5.626887651,132.7600565,6,2,0,0,8,GREEN
TUA,8763043965,ODP-TUA-FAH/065,-5.625792847,132.7625076,4,4,0,0,8,YELLOW
TUA,8763043825,ODP-TUA-FAH/064,-5.625378031,132.7636904,5,3,0,0,8,GREEN
TUA,8763043820,ODP-TUA-FAH/063,-5.625848282,132.7638736,7,1,0,0,8,GREEN
TUA,8763043855,ODP-TUA-FAH/062,-5.626617197,132.7641374,3,4,1,0,8,YELLOW
TUA,8763043800,ODP-TUA-FAH/083,-5.634742973,132.7643427,5,0,3,0,8,BLACKSYSTEM
TUA,8763043895,ODP-TUA-FAH/084,-5.635381221,132.7643469,6,1,1,0,8,GREEN
TUA,8763043830,ODP-TUA-FAH/061,-5.626489671,132.7644913,8,0,0,0,8,BLACKSYSTEM
TUA,8763043980,ODP-TUA-FAH/060,-5.626864994,132.7647359,6,2,0,0,8,GREEN
TUA,8763043765,ODP-TUA-FAH/082,-5.636008007,132.7661919,5,2,1,0,8,GREEN
TUA,8763043970,ODP-TUA-FAH/081,-5.637714358,132.766778,3,5,0,0,8,YELLOW
TUA,8763043785,ODP-TUA-FAH/059,-5.622913307,132.7667975,6,1,1,0,8,GREEN
TUA,8763043950,ODP-TUA-FAH/050,-5.604858519,132.7882886,4,4,0,0,8,YELLOW
TUA,8763043790,ODP-TUA-FAH/052,-5.608400117,132.7898172,6,2,0,0,8,GREEN
TUA,8763043930,ODP-TUA-FAH/051,-5.605963647,132.7908889,4,4,0,0,8,YELLOW
TUA,8763043910,ODP-TUA-FAH/053,-5.607408371,132.7912214,8,0,0,0,8,BLACKSYSTEM
TUA,8763043925,ODP-TUA-FAH/054,-5.60635062,132.7916545,7,1,0,0,8,GREEN
TUA,8763043810,ODP-TUA-FAH/055,-5.607450104,132.7945119,7,1,0,0,8,GREEN
TUA,8763043885,ODP-TUA-FAH/049,-5.607103521,132.79539,6,2,0,0,8,GREEN
TUA,8763043915,ODP-TUA-FAH/048,-5.607837614,132.7964175,6,2,0,0,8,GREEN
TUA,8763043775,ODP-TUA-FAH/047,-5.606185747,132.7970098,7,1,0,0,8,GREEN
TUA,8763043795,ODP-TUA-FAH/046,-5.605187729,132.7974491,8,0,0,0,8,BLACKSYSTEM
TUA,8763043845,ODP-TUA-FAH/058,-5.617656782,132.7976272,5,3,0,0,8,GREEN
TUA,8763043875,ODP-TUA-FAH/045,-5.604454977,132.798084,5,2,1,0,8,GREEN
TUA,8763043840,ODP-TUA-FAH/044,-5.601857383,132.7986116,8,0,0,0,8,BLACKSYSTEM
TUA,8763043760,ODP-TUA-FAH/057,-5.617816728,132.799049,5,3,0,0,8,GREEN
TUA,8763043975,ODP-TUA-FAH/056,-5.616082219,132.7998155,3,5,0,0,8,YELLOW
